{
  "id": "zer0morphswavingbanners",
  "name": "Zer0Morph's Waving Banners",
  "version": "1.0",
  "description": "Taking some artistic liberty, this mod makes the vanilla banners wavy and includes a few new player faction flags. \nThe following player-made faction flags are also included; ARS, Diable, Imperium, DME, ORA, PRV, Rusters, SCY, Legio Infernalis, Great Houses, Tiandong, Mayasura, Cabal, Kadur, and Roider. \nNOTE: To use the player-made faction flags, you will need to manually move them into the proper folders.",
  "gameVersion": "0.98a-RC8",
  "originalGameVersion": "0.97"
}